{
    "f1_macro": 0.4117647058823529,
    "f1_micro": 0.7,
    "accuracy": 0.7,
    "roc_auc_macro": 0.6666666666666667,
    "per_label_metrics": {
        "toxic": {
            "f1": 0.0
        },
        "severe_toxic": {
            "f1": 0.8235294117647058
        }
    }
}